UniqueID,BottleNo,True Bottle ID,NumID,Location No,Distance from Dam,Lake ID (4 dig.),Sampling Type (B/S),NH4 (ppm),NOx (ppm),PO4 (ppm),Microcystin (ug/L),Chla (ug/L),Pheo (ug/L),TOC (ppm),TN (AVG) mg/L? [TOC],Coastal Blue,Blue,Green1,Green2,Yellow,Red,Red Edge,NIR,Depth (m),COND µS/CM,TDS MG/L,Salinity PSU,VERTICAL POSITION M,ODO MG/L,GPS LATITUDE °,GPS LONGITUDE °,PH,TEMP C,TURBIDITY FNU,Month,Day,Year,Date
10288,20240604-SHAF-B5,20240604-SHAF-B5,4105,5,6425,SHAF,Boat,-0.0024,3.635,0.335,NULL,50.595,10.07,2.777202492,1.523979779,347.923,426.545,534.177,596.492,619.484,538.432,608.985,729.003,NaN,NaN,NaN,NaN,NaN,NaN,NaN,NaN,NaN,NaN,NaN,6,4,2024,6/4/2024
10289,20240604-SHAF-B6,20240604-SHAF-B6,4106,6,8245,SHAF,Boat,0.0114,3.283,0.246,NULL,1.456666667,2.466666667,3.417826228,2.301063372,292.315,361.414,444.134,513.886,554.083,525.541,504.172,655.886,NaN,NaN,NaN,NaN,NaN,NaN,NaN,NaN,NaN,NaN,NaN,6,4,2024,6/4/2024
10290,20240604-SHAF-B8,20240604-SHAF-B8,4108,8,5065,SHAF,Boat,0.0171,5.709,0.242,NULL,1.723333333,2.9,2.51427878,3.293454208,233.146,292.033,376.225,446.906,483.21,430.847,414.085,535.93,NaN,NaN,NaN,NaN,NaN,NaN,NaN,NaN,NaN,NaN,NaN,6,4,2024,6/4/2024
10291,20240604-SHAF-B9,20240604-SHAF-B9,4109,9,3385,SHAF,Boat,0.0075,2.532,0.235,NULL,23.36666667,15.71666667,3.564456759,2.604955319,237.688,308.452,379.745,450.357,479.975,419.866,441.646,625.771,NaN,NaN,NaN,NaN,NaN,NaN,NaN,NaN,NaN,NaN,NaN,6,4,2024,6/4/2024
10292,20240604-SHAF-B10,20240604-SHAF-B10,4110,10,2205,SHAF,Boat,-0.0039,3.533,0.242,NULL,26.55,3.726666667,3.225689669,2.221559104,415.451,519.632,595.067,662.165,702.162,657.141,621.677,701.347,NaN,NaN,NaN,NaN,NaN,NaN,NaN,NaN,NaN,NaN,NaN,6,4,2024,6/4/2024
10293,20240604-SHAF-B11,20240604-SHAF-B11,4111,11,1385,SHAF,Boat,-0.0031,5.037,0.242,NULL,41.63666667,32.41,3.577602945,3.388092537,300.079,352.165,441.962,509.619,545.32,473.342,506.252,630.898,NaN,NaN,NaN,NaN,NaN,NaN,NaN,NaN,NaN,NaN,NaN,6,4,2024,6/4/2024
10294,20240604-SHAF-B12,20240604-SHAF-B12,4112,12,275,SHAF,Boat,0.0281,3.994,0.241,NULL,28.04666667,24.44,3.355634657,2.642891366,376.174,460.298,532.32,589.063,630.912,579.61,581.421,717.306,NaN,NaN,NaN,NaN,NaN,NaN,NaN,NaN,NaN,NaN,NaN,6,4,2024,6/4/2024
10295,20240604-SHAF-B14,20240604-SHAF-B14,4114,14,4225,SHAF,Boat,0.0145,3.213,0.254,NULL,3.83,3.25,3.335915379,2.303081246,394.847,488.317,567.684,642.171,685.349,639.071,621.188,766.11,NaN,NaN,NaN,NaN,NaN,NaN,NaN,NaN,NaN,NaN,NaN,6,4,2024,6/4/2024
10296,20240604-SHAF-B15,20240604-SHAF-B15,4115,15,2905,SHAF,Boat,0.0003,3.619,0.21,NULL,16.78333333,2.78,3.084115363,2.179183733,290.641,360.588,446.219,514.726,545.745,491.492,474.628,588.87,NaN,NaN,NaN,NaN,NaN,NaN,NaN,NaN,NaN,NaN,NaN,6,4,2024,6/4/2024
10297,20240606-SALA-B1,20240606-SALA-B1,3101,1,5210,SALA,Boat,-0.4957,2.815,0.027,NULL,34.3,20.30666667,3.580014363,1.413091478,189.334,324.036,474.276,541.399,545.119,487.19,538.321,489.82,NaN,NaN,NaN,NaN,NaN,NaN,NaN,NaN,NaN,NaN,NaN,6,6,2024,6/6/2024
10298,20240606-SALA-B2,20240606-SALA-B2,3102,2,5430,SALA,Boat,-0.495,4.469,0.062,NULL,22.13666667,10.87666667,3.539470358,1.850689247,100.668,221.054,368.522,443.435,445.582,371.508,439.327,409.004,0.491,361.9,240,0.18,0.481,9.35,40.77088,-85.64689,8.5,23.96,10.46,6,6,2024,6/6/2024
10299,20240606-SALA-B3,20240606-SALA-B3,3103,3,4180,SALA,Boat,-0.5017,3.435,0.038,NULL,19.31,4.336666667,3.936766953,2.120430116,232.243,380.168,529.031,594.103,612.602,566.484,572.215,499.475,0.46,362.1,240,0.18,0.417,8.81,40.78066,-85.64424,8.44,23.97,10.63,6,6,2024,6/6/2024
10300,20240606-SALA-B4,20240606-SALA-B4,3104,4,4980,SALA,Boat,-0.5008,2.653,0.011,NULL,25.56333333,35.67,3.68189417,1.845792287,202.619,358.101,501.195,576.207,577.332,531.691,571.145,527.805,0.552,368.7,242,0.18,0.568,10.37,40.78397,-85.63783,8.69,24.471,11.13,6,6,2024,6/6/2024
10301,20240606-SALA-B5,20240606-SALA-B5,3105,5,6340,SALA,Boat,-0.5021,3.198,0.026,NULL,18.09333333,23.65666667,3.664740937,1.850893287,219.251,373.021,511.162,613.509,610.326,557.392,633.096,577.089,0.553,370.6,244,0.18,0.557,9.74,40.77478,-85.62379,8.64,24.397,18.28,6,6,2024,6/6/2024
10302,20240606-SALA-B6,20240606-SALA-B6,3106,6,7900,SALA,Boat,-0.5073,2.917,0.002,NULL,24.13,33.02,3.910603941,1.894965925,126.583,267.965,394.135,458.091,428.84,417.461,437.971,447.701,0.669,398.3,263,0.19,0.702,9.61,40.77494,-85.60324,8.64,24.096,8.57,6,6,2024,6/6/2024
10303,20240606-SALA-B7,20240606-SALA-B7,3107,7,10610,SALA,Boat,-0.5004,2.694,-0.002,NULL,50.43333333,56.09,3.950108356,1.255300551,158.224,287.31,404.437,429.098,394.366,415.152,459.222,486.034,NaN,NaN,NaN,NaN,NaN,NaN,NaN,NaN,NaN,NaN,NaN,6,6,2024,6/6/2024
10304,20240606-SALA-B8,20240606-SALA-B8,3108,8,9370,SALA,Boat,-0.5052,2.895,0.001,NULL,33.97,38.23,3.930356149,1.312159695,99.3027,219.987,325.008,370.902,344.541,346.409,371.057,408.209,0.686,404.2,267,0.2,0.689,10.97,40.76693,-85.59658,8.75,24.133,7.06,6,6,2024,6/6/2024
10305,20240606-SALA-B9,20240606-SALA-B9,3109,9,10331,SALA,Boat,-0.5032,2.073,-0.003,NULL,41.14,39.87666667,3.263979043,0.945431817,NaN,NaN,NaN,NaN,NaN,NaN,NaN,NaN,0.736,411.5,269,0.2,0.74,12.7,40.75712,-85.59448,8.88,24.744,6.64,6,6,2024,6/6/2024
10306,20240606-SALA-B10,20240606-SALA-B10,3110,10,11270,SALA,Boat,-0.5015,2.028,-0.001,NULL,43.46666667,38.27666667,3.261899863,1.416900224,173.09,366.117,466.539,521.146,483.635,504.926,526.885,571.72,0.524,417.7,277,0.2,0.566,11.55,40.75566,-85.5808,8.77,23.908,8.96,6,6,2024,6/6/2024
10307,20240606-SALA-B13,20240606-SALA-B13,3113,13,5180,SALA,Boat,-0.5012,3.312,0.038,NULL,23.45333333,6.87,3.894490298,1.402345372,247.876,417.807,566.086,646.371,662.11,618.93,618.246,536.778,0.745,364.8,242,0.18,0.759,8.96,40.77967,-85.63283,8.51,24.016,13.17,6,6,2024,6/6/2024
10308,20240606-SALA-B14,20240606-SALA-B14,3114,14,1040,SALA,Boat,-0.5065,2.693,0.051,NULL,8.426666667,11.79666667,3.558702771,1.844976127,305.018,476.429,628.382,719.011,720.738,702.351,666.303,559.695,0.574,357.7,238,0.17,0.617,7.38,40.79983,-85.6661,8.2,23.687,13.96,6,6,2024,6/6/2024
10309,20240612-MISS-B1,20240612-MISS-B1,2101,1,5999,MISS,Boat,0.001933333,2.430666667,0.065333333,NULL,64.905,39.33,2.981730393,0.962163096,200.777,285.571,411.855,471.57,394.774,354.141,431.595,431.022,0.667,444.2,294,0.22,0.679,14.22,40.68178,-85.88895,8.52,24.106,11.08,6,12,2024,6/12/2024
10310,20240612-MISS-B2,20240612-MISS-B2,2102,2,8861,MISS,Boat,0.076,2.487333333,0.065666667,NULL,39.71666667,22.23666667,3.092446714,1.474031422,206.313,283.895,416.508,469.239,400.467,360.865,430.382,396.951,0.634,468.2,311,0.23,0.632,12.12,40.67802,-85.87595,8.29,23.835,9.23,6,12,2024,6/12/2024
10311,20240612-MISS-B3,20240612-MISS-B3,2103,3,9921,MISS,Boat,0.006666667,2.436333333,0.044,NULL,87.555,58.535,2.984329368,1.397924505,219.266,300.672,431.807,469.651,420.695,373.144,500.635,401.795,0.725,466.8,311,0.23,0.679,15.84,40.67097,-85.87043,8.39,23.741,12.67,6,12,2024,6/12/2024
10312,20240612-MISS-B4,20240612-MISS-B4,2104,4,10891,MISS,Boat,0.022166667,3.011666667,0.023333333,NULL,42.00666667,11.33333333,2.701560923,1.762339931,177.934,240.865,361.121,379.153,350.783,299.189,431.37,365.311,0.527,529.2,358,0.27,0.979,7.59,40.6633,-85.86645,7.82,22.987,11.39,6,12,2024,6/12/2024
10313,20240612-MISS-B5,20240612-MISS-B5,2105,5,12821,MISS,Boat,0.0102,2.513,0.036,NULL,71.33,4.48,2.979131419,1.234624498,196.03,297.026,437.039,478.585,442.283,381.731,457.132,400.042,0.78,515,339,0.25,0.806,14.47,40.66908,-85.84727,8.17,24.338,13.47,6,12,2024,6/12/2024
10314,20240612-MISS-B6,20240612-MISS-B6,2106,6,14351,MISS,Boat,0.0164,2.335,0.018,NULL,40.77,34.32,3.251503964,1.222654152,209.338,290.846,426.08,453.292,400.593,354.205,405.861,404.542,0.684,508,329,0.24,0.654,17.78,40.67393,-85.83198,8.33,25.13,10.82,6,12,2024,6/12/2024
10315,20240612-MISS-B7,20240612-MISS-B7,2107,7,6411,MISS,Boat,-0.0068,1.713,0.04,NULL,61.83,5.3,2.906360128,0.95468163,196.326,275.492,406.375,470.673,385.884,349.345,400.233,326.656,0.749,439.3,296,0.22,0.767,12.48,40.6895,-85.89389,8.3,23.156,10.66,6,12,2024,6/12/2024
10316,20240612-MISS-B8,20240612-MISS-B8,2108,8,5401,MISS,Boat,0.024633333,2.658333333,0.064,NULL,38.685,26.08,3.026952552,1.502597021,189.478,284.765,404.342,471.098,391.891,352.83,422.896,346.333,0.655,441.2,299,0.22,0.621,11.2,40.69211,-85.90836,8.36,22.839,9.91,6,12,2024,6/12/2024
10317,20240612-MISS-B9,20240612-MISS-B9,2109,9,4381,MISS,Boat,0.0231,2.427,0.06,NULL,16.74333333,8.1,3.309720997,1.743160171,197.376,270.864,390.149,449.559,384.973,351.076,350.88,305.397,0.761,433.1,297,0.22,0.761,8.66,40.70503,-85.92944,8.15,22.277,6.95,6,12,2024,6/12/2024
10318,20240612-MISS-B10,20240612-MISS-B10,2110,10,2851,MISS,Boat,0.006,2.351,0.059,NULL,20.55333333,27.79666667,2.957819826,1.543405019,207.352,285.627,412.278,472.499,396.115,363.152,387.09,366.209,0.595,443.5,301,0.22,0.583,10.08,40.69398,-85.91956,8.24,22.77,7.71,6,12,2024,6/12/2024
10319,20240612-MISS-B11,20240612-MISS-B11,2111,11,1731,MISS,Boat,-0.0071,2.38,0.069,NULL,48.42,37.995,3.085169585,1.566053458,195.474,281.118,399.632,462.215,370.374,341.142,400.071,323.428,0.833,432.8,292,0.22,0.832,11.27,40.71105,-85.93842,8.32,23.109,9.12,6,12,2024,6/12/2024
10320,20240612-MISS-B12,20240612-MISS-B12,2112,12,661,MISS,Boat,-0.0012,2.264,0.068,NULL,37.89,39.58,3.338829513,1.601964497,197.635,275.975,396.015,461.951,376.846,342.74,399.78,319.159,0.742,429.8,288,0.21,0.765,12.42,40.71239,-85.95013,8.42,23.42,9,6,12,2024,6/12/2024
10321,20240612-MISS-B13,20240612-MISS-B13,2113,13,13553,MISS,Boat,0.0043,2.353,0.025,NULL,NULL,NULL,3.060219428,1.571766578,202.895,291.486,432.083,478.091,427.915,365.624,439.445,397.918,NaN,NaN,NaN,NaN,NaN,NaN,NaN,NaN,NaN,NaN,NaN,6,12,2024,6/12/2024
10322,20240613-SHAF-B1,20240613-SHAF-B1,4101,1,6865,SHAF,Boat,0.0026,2.279,0.154,0.15,33.06666667,45.78,2.472817733,1.440237974,168.483,272.155,377.655,455.666,398.949,332.409,398.71,470.537,0.492,604.3,396,0.29,0.506,16.37,40.83519,-86.8073,8.08,24.594,9.24,6,13,2024,6/13/2024
10323,20240613-SHAF-B5,20240613-SHAF-B5,4105,5,6425,SHAF,Boat,-0.0014,2.58,0.252,0.207670005,48.19666667,15.3,2.703887226,1.649289805,287.955,418.984,510.889,576.972,517.687,492.897,501.607,642.83,0.59,592.2,398,0.3,0.606,13.56,40.82386,-86.79604,8.09,23.225,5.31,6,13,2024,6/13/2024
10324,20240613-SHAF-B6,20240613-SHAF-B6,4106,6,8245,SHAF,Boat,-0.003,3.729,0.256,0.153145187,0.69,1.61,2.668493649,1.716485036,294.446,410.028,463.171,504.309,482.344,489.68,444.246,636.678,0.528,643.1,434,0.32,0.528,8.76,40.83508,-86.78168,8.02,23.112,3.24,6,13,2024,6/13/2024
10325,20240613-SHAF-B8,20240613-SHAF-B8,4108,8,5065,SHAF,Boat,0.0194,4.368,0.118,0.054058683,4.103333333,2.326666667,2.118376345,2.443928909,289.013,420.997,483.278,535.979,510.088,510.205,451.406,552.407,0.516,622,420,0.31,0.497,8.5,40.81118,-86.79426,7.92,23.1,4.98,6,13,2024,6/13/2024
10326,20240613-SHAF-B9,20240613-SHAF-B9,4109,9,3385,SHAF,Boat,0.0169,2.701,0.22,0.050012079,26.65,32.94666667,2.78680932,1.153094387,299.289,402.33,487.937,538.042,532.867,490.982,551.959,725.909,0.568,609.9,411,0.31,0.554,13.11,40.80457,-86.7746,8.11,23.096,5.92,6,13,2024,6/13/2024
10327,20240613-SHAF-B10,20240613-SHAF-B10,4110,10,2205,SHAF,Boat,0.0479,2.539,0.165,0.123009385,17.51333333,18.7,2.511750667,1.476357933,326.209,407.527,462.068,526.912,516.468,488.222,490.068,581.463,0.486,622.8,422,0.32,0.489,11.61,40.79484,-86.77436,8.16,22.89,4.81,6,13,2024,6/13/2024
10328,20240613-SHAF-B11,20240613-SHAF-B11,4111,11,1385,SHAF,Boat,0.0021,2.672,0.188,0.447664309,44.85,42.49333333,2.987035839,1.87650251,361.13,468.843,553.652,620.769,611.288,560.357,597.794,679.198,0.519,596.3,404,0.3,0.496,15.25,40.78862,-86.77213,8.19,22.92,6.1,6,13,2024,6/13/2024
10329,20240613-SHAF-B12,20240613-SHAF-B12,4112,12,275,SHAF,Boat,-0.0097,2.761,0.239,0.803744198,40.43333333,21.55333333,2.834843459,1.707606387,321.225,424.975,502.171,554.068,538.553,506.015,546.386,627.285,0.494,607.6,413,0.31,0.506,12.99,40.78261,-86.76211,8.22,22.685,4.69,6,13,2024,6/13/2024
10330,20240613-SHAF-B14,20240613-SHAF-B14,4114,14,4225,SHAF,Boat,0.0199,2.676,0.176,0.201735149,8.516666667,4.713333333,2.301917321,1.404925164,369.023,524.814,584.743,632.807,609.993,620.36,557.12,700.748,0.472,636.6,431,0.32,0.497,9.15,40.8073,-86.78529,8,22.951,4.4,6,13,2024,6/13/2024
10331,20240613-SHAF-B15,20240613-SHAF-B15,4115,15,2905,SHAF,Boat,-0.01,2.508,0.193,0.070698538,20.92333333,7.153333333,2.550683602,1.580883849,344.402,468.194,526.045,578.631,561.014,553.742,534.457,651.334,NaN,NaN,NaN,NaN,NaN,NaN,NaN,NaN,NaN,NaN,NaN,6,13,2024,6/13/2024
10332,20240617-SALA-B1,20240617-SALA-B1,3101,1,5210,SALA,Boat,-0.5055,2.69,0,NULL,21.39666667,34.28,4.034834931,1.231631912,112.558,180.528,283.322,318.193,252.186,256.136,313.326,344.082,0.551,390.1,252,0.19,0.545,12.35,40.77248,-85.64465,8.71,25.224,4.15,6,17,2024,6/17/2024
10333,20240617-SALA-B2,20240617-SALA-B2,3102,2,5430,SALA,Boat,-0.5084,2.584,0.003,NULL,22.36666667,39.64333333,3.887732964,1.795598449,110.89,184.827,287.98,324.044,260.475,269.303,320.33,374.831,0.491,390.7,254,0.19,0.499,11.95,40.77098,-85.64704,8.65,24.984,3.64,6,17,2024,6/17/2024
10334,20240617-SALA-B3,20240617-SALA-B3,3103,3,4180,SALA,Boat,-0.4976,2.709,0.003,NULL,24.16666667,42.08666667,4.015602518,1.840079168,123.293,196.361,290.764,322.275,260.733,268.637,301.081,325.854,0.506,397.8,257,0.19,0.518,11.45,40.78119,-85.64634,8.64,25.23,3.54,6,17,2024,6/17/2024
10335,20240617-SALA-B4,20240617-SALA-B4,3104,4,4980,SALA,Boat,-0.5006,2.425,0.003,NULL,54.15666667,88.8,4.013003544,1.76886921,168.186,248.948,360.662,400.163,335.245,339.675,384.828,427.875,0.486,410.5,261,0.19,0.47,12.54,40.78419,-85.63854,8.63,26.113,6.27,6,17,2024,6/17/2024
10336,20240617-SALA-B5,20240617-SALA-B5,3105,5,6340,SALA,Boat,-0.4989,2.64,0.001,0.135745059,18.95,37.28666667,4.020800468,1.77580657,138.162,227.064,348.705,388.997,317.066,301.035,362.449,369.137,0.55,419.5,265,0.19,0.564,12.96,40.77448,-85.62385,8.58,26.453,5.19,6,17,2024,6/17/2024
10337,20240617-SALA-B6,20240617-SALA-B6,3106,6,7900,SALA,Boat,-0.5025,2.324,0.003,0.149683643,27.73333333,50.90666667,3.857065063,1.629509896,139.144,233.828,362.209,399.424,315.661,304.004,358.583,351.254,0.534,422.8,270,0.2,0.547,12.31,40.77499,-85.60584,8.53,25.875,5.54,6,17,2024,6/17/2024
10338,20240617-SALA-B7,20240617-SALA-B7,3107,7,10610,SALA,Boat,-0.5044,2.622,0.001,0.15423945,52.90666667,80.48333333,4.110724991,1.77478637,140.692,223.869,350.806,382.931,310.103,299.545,363.402,377.552,0.514,418.4,266,0.19,0.529,13.5,40.77594,-85.58334,8.62,26.251,6.63,6,17,2024,6/17/2024
10339,20240617-SALA-B8,20240617-SALA-B8,3108,8,9370,SALA,Boat,-0.5061,2.761,0.001,0.144224918,39.9,56.64,4.046790214,1.797434809,160.177,252.115,385.448,426.904,353.093,340.122,384.987,358.109,0.544,426,276,0.2,0.531,11.72,40.76699,-85.59667,8.5,25.176,6.09,6,17,2024,6/17/2024
10340,20240617-SALA-B9,20240617-SALA-B9,3109,9,10331,SALA,Boat,-0.5101,2.709,0.002,0.202722073,37.85666667,40.18333333,4.188174437,1.837630688,116.95,221.418,362.256,400.464,317.309,286.166,377.689,350.676,0.504,431.2,279,0.2,0.497,12.69,40.75722,-85.59469,8.55,25.269,6.22,6,17,2024,6/17/2024
10341,20240617-SALA-B10,20240617-SALA-B10,3110,10,11270,SALA,Boat,-0.5013,2.77,0.002,0.221735034,28.83666667,40.20666667,4.028597392,1.855994287,174.189,271.927,411.334,462.466,395.29,371.874,454.539,438.978,0.593,455.5,288,0.21,0.608,12.56,40.75606,-85.58274,8.5,26.495,5.2,6,17,2024,6/17/2024
10342,20240617-SALA-B13,20240617-SALA-B13,3113,13,5180,SALA,Boat,-0.5021,2.595,0.001,0.199890543,29.03,50.21333333,4.070180986,1.802535809,162.974,238.498,346.792,391.708,322.067,325.572,357.918,380.076,0.538,412.8,265,0.19,0.539,11.72,40.78121,-85.63732,8.58,25.582,5.86,6,17,2024,6/17/2024
10343,20240617-SALA-B14,20240617-SALA-B14,3114,15,1683,SALA,Boat,-0.6803,2.668,0.001,0.16155635,22.33,36.4,4.042631855,1.78478433,178.905,255.883,382.011,433.837,372.701,364.007,436.338,460.01,0.507,399.4,249,0.18,0.495,13.74,40.80553,-85.6711,8.86,27.334,5.73,6,17,2024,6/17/2024
10344,20240619-SHAF-B5,20240619-SHAF-B5,4105,5,6425,SHAF,Boat,0.0172,2.165,-0.036,0.15,43.44333333,51.44666667,2.421244236,1.529629828,322.271,355.543,453.837,487.545,449.932,371.037,452.999,613.936,NaN,NaN,NaN,NaN,NaN,NaN,NaN,NaN,NaN,NaN,NaN,6,19,2024,6/19/2024
10345,20240619-SHAF-B6,20240619-SHAF-B6,4106,6,8245,SHAF,Boat,0.0133,1.666,-0.04,0.159719735,1.2,2.4,3.023609201,1.503599243,286.174,308.538,371.974,403.581,375.583,327.52,369.08,592.631,NaN,NaN,NaN,NaN,NaN,NaN,NaN,NaN,NaN,NaN,NaN,6,19,2024,6/19/2024
10346,20240619-SHAF-B8,20240619-SHAF-B8,4108,8,5065,SHAF,Boat,0.0347,3.741,0.18,0.15,8.676666667,8.703333333,273.7028962,1.947733491,340.174,355.043,423.652,453.064,434.434,373.113,412.786,605.159,NaN,NaN,NaN,NaN,NaN,NaN,NaN,NaN,NaN,NaN,NaN,6,19,2024,6/19/2024
10347,20240619-SHAF-B9,20240619-SHAF-B9,4109,9,3385,SHAF,Boat,0.0139,4.365,0.269,0.109032539,53.93,45.32666667,3.944516355,2.431418085,221.567,246.489,342.251,364.716,362.696,296.848,420.716,673.751,NaN,NaN,NaN,NaN,NaN,NaN,NaN,NaN,NaN,NaN,NaN,6,19,2024,6/19/2024
10348,20240619-SHAF-B10,20240619-SHAF-B10,4110,10,2205,SHAF,Boat,0.0099,3.898,0.16,0.15,24.01333333,23.29666667,2.946080414,2.385814114,319.889,337.9,416.945,439.497,414.428,342.347,426.295,507.589,NaN,NaN,NaN,NaN,NaN,NaN,NaN,NaN,NaN,NaN,NaN,6,19,2024,6/19/2024
10349,20240619-SHAF-B11,20240619-SHAF-B11,4111,11,1385,SHAF,Boat,0.0193,4.969,0.199,0.171634316,56.91333333,43.74,3.007766362,2.648743203,340.097,359.08,442.933,454.951,439.089,366.674,462.302,573.621,0.42,727.8,458,0.34,0.429,12.79,40.78873,-86.7722,8.07,26.697,4.48,6,19,2024,6/19/2024
10350,20240619-SHAF-B12,20240619-SHAF-B12,4112,12,275,SHAF,Boat,0.017,4.941,0.17,0.15,37.57666667,33.16333333,3.280296902,2.891089969,323.005,328.569,407.602,419.449,400.233,341.287,410.142,550.866,NaN,NaN,NaN,NaN,NaN,NaN,NaN,NaN,NaN,NaN,NaN,6,19,2024,6/19/2024
10351,20240619-SHAF-B14,20240619-SHAF-B14,4114,14,4225,SHAF,Boat,0.0064,3.512,0.163,0.15,7.656666667,9.343333333,2.593661516,2.061945205,477.186,598.553,675.475,704.996,683.639,670.858,682.29,905.94,NaN,NaN,NaN,NaN,NaN,NaN,NaN,NaN,NaN,NaN,NaN,6,19,2024,6/19/2024
10352,20240619-SHAF-B15,20240619-SHAF-B15,4115,15,2905,SHAF,Boat,0.0162,3.94,0.174,0.06911874,24.07666667,17.25666667,2.722089637,1.4878652,338.352,330.271,409.713,427.154,400.787,320.902,410.96,566.683,NaN,NaN,NaN,NaN,NaN,NaN,NaN,NaN,NaN,NaN,NaN,6,19,2024,6/19/2024
10353,20240624-MISS-B1,20240624-MISS-B1,2101,1,5999,MISS,Boat,0.0021,1.645,-0.004,1.050276698,14.79666667,25.05333333,2.716634977,1.233876352,363.755,588.275,659.43,710.711,636.568,651.621,610.675,701.593,0.527,448.6,275,0.2,0.536,9.69,40.6816,-85.88885,8.46,28.245,4.21,6,24,2024,6/24/2024
10354,20240624-MISS-B2,20240624-MISS-B2,2102,2,8861,MISS,Boat,-0.002,1.724,-0.005,0.308444065,19.43,29.52,2.885048535,1.328550908,346.371,590.431,651.895,712.74,612.325,647.296,600.036,839.177,0.533,448.7,277,0.2,0.567,10.13,40.67694,-85.87699,8.47,27.746,5.64,6,24,2024,6/24/2024
10355,20240624-MISS-B3,20240624-MISS-B3,2103,3,9921,MISS,Boat,-0.0038,1.7,-0.004,0.603037917,31.13666667,41.24666667,2.785767703,1.315900428,158.312,192.287,306.947,372.696,294.521,224.481,265.281,314.197,0.593,464.9,286,0.21,0.594,11.2,40.67049,-85.87015,8.54,27.894,5.2,6,24,2024,6/24/2024
10356,20240624-MISS-B4,20240624-MISS-B4,2104,4,10891,MISS,Boat,-0.0024,1.705,-0.003,1.435006672,27.82,37.33,2.748862262,1.333855948,897.496,1262.9,1370.59,1424.22,1360.43,1423.7,1329.66,1357.05,0.539,479.3,296,0.22,0.543,10.46,40.66294,-85.86659,8.42,27.846,6.06,6,24,2024,6/24/2024
10357,20240624-MISS-B5,20240624-MISS-B5,2105,5,12821,MISS,Boat,0.0066,1.612,0,0.770661976,28.05333333,40.29333333,2.6116364,1.260605591,296.013,443.951,527.003,594.563,516.141,506.525,495.303,580.087,0.541,528.5,320,0.24,0.546,12.72,40.66879,-85.84779,8.42,28.766,5.45,6,24,2024,6/24/2024
10358,20240624-MISS-B6,20240624-MISS-B6,2106,6,14351,MISS,Boat,-0.0035,1.562,0.006,4.155352543,40.46666667,48.51666667,2.41151535,1.168787594,554.951,685.249,798.059,865.117,814.115,808.214,905.561,1492.22,0.539,526.6,317,0.23,0.536,16.52,40.67385,-85.83174,8.7,29.249,8.21,6,24,2024,6/24/2024
10359,20240624-MISS-B7,20240624-MISS-B7,2107,7,6411,MISS,Boat,0.0253,1.676,-0.005,0.358862663,19.73333333,28.55333333,2.669333637,1.256116711,383.128,581.307,680.507,731.942,650.087,648.746,602.458,583.976,0.481,433.7,272,0.2,0.489,8.49,40.68852,-85.89668,8.3,26.973,5.37,6,24,2024,6/24/2024
10360,20240624-MISS-B8,20240624-MISS-B8,2108,8,5401,MISS,Boat,0.0243,1.693,-0.005,0.426402391,14.82,17.81,2.779010369,1.373643746,299.732,432.559,524.598,587.973,492.131,465.038,441.54,444.852,0.669,431.7,271,0.2,0.664,8.39,40.69169,-85.90819,8.29,26.802,5.59,6,24,2024,6/24/2024
10361,20240624-MISS-B9,20240624-MISS-B9,2109,9,4381,MISS,Boat,0.022,1.733,-0.005,0.562760133,13.23333333,21.39,2.955220852,1.440976943,234.004,369.002,480.536,545.774,432.93,396.489,373.225,342.743,0.483,430.7,271,0.2,0.495,8.35,40.70398,-85.92964,8.31,26.668,5.28,6,24,2024,6/24/2024
10362,20240624-MISS-B10,20240624-MISS-B10,2110,10,2851,MISS,Boat,0.0202,1.722,-0.006,NULL,14.88666667,14.15666667,2.76757488,1.393639665,205.709,241.687,368.872,449.577,348.036,276.521,320.037,337.437,0.709,429.4,270,0.2,0.723,8.52,40.69342,-85.9205,8.32,26.725,5.1,6,24,2024,6/24/2024
10363,20240624-MISS-B11,20240624-MISS-B11,2111,11,1731,MISS,Boat,0.0208,1.737,-0.004,0.398208357,13.33,18.54666667,2.753540417,1.291619669,378.378,562.267,644.587,716.586,604.791,591.086,533.14,519.886,0.64,427.6,269,0.2,0.653,8.43,40.71108,-85.93806,8.35,26.814,5.06,6,24,2024,6/24/2024
10364,20240624-MISS-B12,20240624-MISS-B12,2112,12,661,MISS,Boat,0.0066,1.77,-0.006,1.154163277,9.54,13.6,2.759777956,0.942167177,142.653,180.482,233.959,253.744,234.379,203.795,222.087,319.699,0.584,424.1,267,0.2,0.586,8.67,40.71127,-85.95119,8.37,26.652,5.91,6,24,2024,6/24/2024
10365,20240624-MISS-B13,20240624-MISS-B13,2113,13,13553,MISS,Boat,0.0109,1.523,-0.002,0.296782886,20.06333333,22.85,2.795643807,0.919722778,216.413,276.666,388.48,459.548,381.968,316.642,350.314,438.088,0.563,530.9,322,0.24,0.565,12,40.67303,-85.84157,8.37,28.74,5.88,6,24,2024,6/24/2024
10366,20240627-SALA-B1,20240627-SALA-B1,3101,1,5210,SALA,Boat,0.0177,2.138,-0.033,0.340587943,14.05666667,16.13,4.147110637,1.740303612,378.143,495.435,570.939,647.37,637.033,584.696,598.873,628.922,0.539,390.3,254,0.19,0.55,8.37,40.77219,-85.6452,8.32,24.99,5.27,6,27,2024,6/27/2024
10367,20240627-SALA-B2,20240627-SALA-B2,3102,2,5430,SALA,Boat,0.0241,2.052,-0.021,0.426917064,5.406666667,5.8,4.013523338,1.710921853,222.425,267.4,362.113,434.007,408.743,334.345,381.076,410.907,0.537,392.3,255,0.19,0.56,7.99,40.77064,-85.64721,8.26,25.028,6.03,6,27,2024,6/27/2024
10368,20240627-SALA-B3,20240627-SALA-B3,3103,3,4180,SALA,Boat,0.0151,2.034,-0.033,NULL,3.59,2.87,3.866941167,1.617879616,310.992,450.451,509.715,578.029,555.988,522.049,513.707,498.637,0.539,396.9,257,0.19,0.546,8.3,40.781,-85.64657,8.33,25.233,4.87,6,27,2024,6/27/2024
10369,20240627-SALA-B4,20240627-SALA-B4,3104,4,4980,SALA,Boat,0.0191,1.924,-0.034,0.401751553,6.06,11.10666667,3.543628718,1.432407264,172.395,227.814,328.647,408.797,365.414,293.919,310.361,329.39,0.575,399,257,0.19,0.585,7.97,40.78373,-85.63902,8.3,25.463,7.1,6,27,2024,6/27/2024
10370,20240627-SALA-B5,20240627-SALA-B5,3105,5,6340,SALA,Boat,0.0054,1.93,-0.036,0.621653682,4.886666667,2.846666667,3.351824387,1.355892267,260.027,335.441,419.229,477.942,456.515,417.459,422.344,507.009,0.534,408.8,262,0.19,0.564,8.05,40.77444,-85.6241,8.3,25.775,4.34,6,27,2024,6/27/2024
10371,20240627-SALA-B6,20240627-SALA-B6,3106,6,7900,SALA,Boat,0.0236,1.808,-0.036,0.408168198,6.93,7.713333333,3.336230539,1.407106305,427.84,516.657,604.374,687.221,671.869,624.603,639.971,688.755,0.512,420.3,266,0.19,0.538,8.44,40.77483,-85.60614,8.3,26.447,4.49,6,27,2024,6/27/2024
10372,20240627-SALA-B7,20240627-SALA-B7,3107,7,10610,SALA,Boat,0.0237,1.617,-0.038,0.526572734,9.633333333,8.226666667,3.065937173,1.335488268,407.791,521.046,625.76,710.457,682.435,642.712,649.683,669.667,0.563,416.6,264,0.19,0.555,8.26,40.77544,-85.58335,8.28,26.349,5.58,6,27,2024,6/27/2024
10373,20240627-SALA-B8,20240627-SALA-B8,3108,8,9370,SALA,Boat,0.0206,1.743,-0.04,0.503907705,17.10666667,16.18333333,3.689691094,1.596863497,413.111,510.075,591.623,662.225,645.882,610.378,610.986,674.411,0.548,423.1,269,0.2,0.523,8.26,40.76654,-85.59708,8.26,26.136,3.81,6,27,2024,6/27/2024
10374,20240627-SALA-B9,20240627-SALA-B9,3109,9,10331,SALA,Boat,0.0125,1.791,-0.039,0.798459202,15.34333333,21.16666667,3.499965943,1.53320302,289.832,357.123,444.199,503.845,483.153,446.957,445.833,540.312,0.532,432.2,274,0.2,0.544,8.48,40.75698,-85.59476,8.26,26.227,4.24,6,27,2024,6/27/2024
10375,20240627-SALA-B10,20240627-SALA-B10,3110,10,11270,SALA,Boat,0.0361,1.831,-0.03,0.538364163,16.63,13.06333333,3.951667741,1.674194654,201.036,278.286,378.518,446.995,402.441,358.47,367.372,386.449,0.558,458.5,289,0.21,0.563,8.05,40.75583,-85.58267,8.07,26.655,6.12,6,27,2024,6/27/2024
10376,20240627-SALA-B13,20240627-SALA-B13,3113,13,5180,SALA,Boat,0.0069,2.022,-0.032,0.580849842,6.026666667,4.99,3.952707331,1.663992655,312.011,402.284,489.564,564.237,540.828,480.534,504.937,514.221,0.516,398.6,256,0.19,0.518,8.86,40.78106,-85.63757,8.41,25.56,5.55,6,27,2024,6/27/2024
10377,20240627-SALA-B14,20240627-SALA-B14,3114,15,1683,SALA,Boat,0.0028,2.036,-0.034,0.634922428,13.16,14.81333333,4.077458115,1.748669251,357.765,471.498,576.656,657.551,612.889,576.922,577.197,591.897,0.5,380.5,242,0.18,0.501,10.74,40.80441,-85.67423,8.55,26.174,5.74,6,27,2024,6/27/2024
10378,20240701-SHAF-B1,20240701-SHAF-B1,4101,1,6865,SHAF,Boat,0.0217,1.279,0.273,0.742958801,9.716666667,6.133333333,3.257038266,1.17851961,195.716,301.577,402.699,428.633,400.271,373.324,480.734,630.783,0.556,574.8,373,0.28,0.571,12.16,40.83497,-86.80729,8.02,25.125,9.33,7,1,2024,7/1/2024
10379,20240701-SHAF-B5,20240701-SHAF-B5,4105,5,6425,SHAF,Boat,-0.0582,2.638,0.195,0.5965115,10.56,5.416666667,3.891088909,2.218128717,85.5717,135.578,231.28,264.631,241.844,195.512,286.325,448.177,0.565,567.5,370,0.27,0.559,12.36,40.82397,-86.79604,8.17,24.822,5.4,7,1,2024,7/1/2024
10380,20240701-SHAF-B6,20240701-SHAF-B6,4106,6,8245,SHAF,Boat,-0.0499,4.474,0.285,0.602462541,0.58,1.153333333,3.76316641,3.135656397,186.167,281.166,352.063,386.359,365.134,370.929,353.035,581.733,0.49,596.6,407,0.3,0.518,7.85,40.83485,-86.78198,7.87,22.503,3.05,7,1,2024,7/1/2024
10381,20240701-SHAF-B8,20240701-SHAF-B8,4108,8,5065,SHAF,Boat,-0.0424,5.164,0.202,0.443881229,1.826666667,1.143333333,4.853794191,4.400258546,215.151,296.268,378.299,415.859,397.237,387.194,366.087,548.22,0.558,604.9,403,0.3,0.566,7.98,40.8111,-86.79447,7.87,23.715,4.68,7,1,2024,7/1/2024
10382,20240701-SHAF-B9,20240701-SHAF-B9,4109,9,3385,SHAF,Boat,-0.0502,4.082,0.195,0.608278517,9.45,9.553333333,4.144405792,2.34229528,103.834,162.464,246.046,278.067,271.06,238.23,307.754,527.725,0.526,597,394,0.29,0.524,9.14,40.80425,-86.77486,7.85,24.192,5.47,7,1,2024,7/1/2024
10383,20240701-SHAF-B10,20240701-SHAF-B10,4110,10,2205,SHAF,Boat,-0.0409,4.917,0.179,0.475567626,1.543333333,2.053333333,4.053899361,4.001324694,187.873,281.204,355.513,382.827,368.955,361.84,346.427,472.573,0.542,596.7,397,0.3,0.552,7.67,40.7948,-86.77446,7.82,23.839,5.23,7,1,2024,7/1/2024
10384,20240701-SHAF-B11,20240701-SHAF-B11,4111,11,1385,SHAF,Boat,-0.0631,4.028,0.212,0.509832729,18.51666667,12.32,5.063627538,2.668383851,127.538,183.204,259.88,285.405,269.341,257.361,297.187,466.639,0.56,598.3,398,0.3,0.546,8.79,40.78867,-86.77224,7.89,23.797,4.27,7,1,2024,7/1/2024
10385,20240701-SHAF-B12,20240701-SHAF-B12,4112,12,275,SHAF,Boat,-0.0603,4.918,0.34,0.457577716,10.73333333,11.99333333,5.241269584,3.934263988,121.176,166.468,245.402,272.774,255.068,232.709,269.122,408.346,0.552,602.2,399,0.3,0.554,8,40.78251,-86.76231,7.83,23.95,4.88,7,1,2024,7/1/2024
10386,20240701-SHAF-B14,20240701-SHAF-B14,4114,14,4225,SHAF,Boat,-0.0491,4.73,0.253,0.767731169,0.513333333,0.92,4.037213818,3.650214476,226.849,341.636,426.637,459.413,443.162,447.13,422.683,597.379,0.586,594.3,397,0.3,0.572,7.8,40.80735,-86.78534,7.86,23.577,6.2,7,1,2024,7/1/2024
10387,20240701-SHAF-B15,20240701-SHAF-B15,4115,15,2905,SHAF,Boat,-0.0409,5.315,0.197,0.639328178,4.763333333,3.173333333,4.627106761,4.688814645,317.772,460.123,536.902,578.199,553.406,568.946,536.821,654.679,0.568,595.4,396,0.29,0.565,7.9,40.79936,-86.77795,7.85,23.8,4.12,7,1,2024,7/1/2024
10392,20240717-SHAF-B5,20240717-SHAF-B5,4105,5,6425,SHAF,Boat,0.1135,5.588,0.344,0.436514611,5.305,10.31,3.998449424,3.069873678,349.871,390.934,379.166,382.062,386.79,372.008,383.841,647.305,0.513,516.8,338,0.25,0.51,4.77,40.82389,-86.79573,7.26,24.654,3.43,7,17,2024,7/17/2024
10393,20240717-SHAF-B6,20240717-SHAF-B6,4106,6,8245,SHAF,Boat,0.0404,5.127,0.272,0.523676608,2.2925,6.9525,6.214930022,3.185497905,419.409,447.709,446.318,448.168,462.433,452.485,461.617,706.165,0.409,464.4,312,0.23,0.344,5.39,40.83501,-86.78181,7.28,23.256,8.65,7,17,2024,7/17/2024
10394,20240717-SHAF-B8,20240717-SHAF-B8,4108,8,5065,SHAF,Boat,0.1348,4.585,-0.017,0.405076704,3.063333333,24.80666667,5.84380309,3.669787862,308.566,317.657,320.234,323.797,343.155,337.69,352.175,595.474,0.578,473.1,315,0.23,0.593,5.08,40.81102,-86.79434,7.28,23.695,6.57,7,17,2024,7/17/2024
10395,20240717-SHAF-B9,20240717-SHAF-B9,4109,9,3385,SHAF,Boat,0.0006,4.636,0.356,0.332657563,69.94,134.5633333,5.237561686,3.085007739,366.368,371.093,369.503,378.365,394.612,384.646,396.667,624.755,0.533,496.2,328,0.24,0.533,10,40.80433,-86.77483,7.77,24.099,6.21,7,17,2024,7/17/2024
10396,20240717-SHAF-B10,20240717-SHAF-B10,4110,10,2205,SHAF,Boat,0.0408,4.213,0.217,0.355891676,3.523333333,14.16666667,6.529932853,3.408069498,341.911,353.466,329.626,325.326,327.975,304.053,331.842,627.876,0.57,445.3,299,0.22,0.725,5.57,40.79455,-86.77431,7.31,23.243,7.48,7,17,2024,7/17/2024
10397,20240717-SHAF-B11,20240717-SHAF-B11,4111,11,1385,SHAF,Boat,0.0564,6.049,0.352,0.338876406,3.68,8.34,4.850760456,3.542056386,NaN,NaN,NaN,NaN,NaN,NaN,NaN,NaN,0.651,512.5,341,0.25,0.633,5.43,40.78855,-86.77213,7.26,23.794,4.45,7,17,2024,7/17/2024
10398,20240717-SHAF-B12,20240717-SHAF-B12,4112,12,275,SHAF,Boat,0.0652,4.937,0.308,0.409075086,2.693333333,5.99,5.472676159,2.016341235,379.047,386.123,377.837,373.941,394.878,366.24,382.255,612.823,0.497,443.7,298,0.22,0.495,5.24,40.78234,-86.7621,7.3,23.283,6.37,7,17,2024,7/17/2024
10399,20240717-SHAF-B14,20240717-SHAF-B14,4114,14,4225,SHAF,Boat,0.0616,5.359,0.339,0.397701839,2.233333333,4.98,5.135425936,3.210317765,390.599,455.476,440.328,445.551,461.607,474.205,461.687,680.937,0.463,481.9,322,0.24,0.477,5.14,40.80724,-86.7849,7.27,23.515,6.69,7,17,2024,7/17/2024
10400,20240717-SHAF-B15,20240717-SHAF-B15,4115,15,2905,SHAF,Boat,0.0498,4.912,0.297,0.353904182,2.343333333,6.156666667,0.092748025,0.199043172,355.449,372.355,371.497,372.583,399.033,388.912,393.08,582.966,0.639,470.7,316,0.23,0.543,5.16,40.79922,-86.7778,7.28,23.346,7.36,7,17,2024,7/17/2024
10401,20240718-MISS-B1,20240718-MISS-B1,2101,1,5999,MISS,Boat,0.0031,1.839,0.065,0.328241907,5.503333333,4.73,3.425981797,1.147159355,227.49,261.046,348.68,361.325,309.078,274.518,356.215,700.134,0.557,460.8,290,0.21,0.558,8.88,40.6815,-85.88895,8.36,26.797,3.38,7,18,2024,7/18/2024
10402,20240718-MISS-B2,20240718-MISS-B2,2102,2,8861,MISS,Boat,-0.0049,1.62,0.056,0.403453087,15.97666667,10.72333333,2.620992709,1.149199755,207.316,237.079,337.068,340.612,282.993,273.208,342.957,653.671,0.537,464.8,291,0.21,0.554,9.22,40.67638,-85.87728,8.38,27.058,3,7,18,2024,7/18/2024
10403,20240718-MISS-B3,20240718-MISS-B3,2103,3,9921,MISS,Boat,0.0153,1.347,0.009,0.419332879,7.423333333,4.806666667,2.782822198,1.264074271,196.433,252.779,351.782,355.022,283.192,286.009,326.084,582.324,0.543,469.4,295,0.22,0.554,10.26,40.67028,-85.87053,8.37,26.742,4.01,7,18,2024,7/18/2024
10404,20240718-MISS-B4,20240718-MISS-B4,2104,4,10891,MISS,Boat,0.0004,1.341,0,0.441706651,16.32666667,23.53333333,2.709357847,0.847919744,185.159,223.922,333.966,335.464,266.047,264.491,313.098,595.049,0.528,463.1,290,0.21,0.541,12.45,40.66288,-85.86671,8.56,26.961,4.57,7,18,2024,7/18/2024
10405,20240718-MISS-B5,20240718-MISS-B5,2105,5,12821,MISS,Boat,0.0037,1.776,0.007,0.413443821,12.79666667,16.29666667,2.649061635,0.954545603,168.141,215.216,335.683,345.091,265.533,257.038,326.314,615.724,0.543,482,299,0.22,0.537,11.86,40.66888,-85.84801,8.53,27.55,4.71,7,18,2024,7/18/2024
10406,20240718-MISS-B6,20240718-MISS-B6,2106,6,14351,MISS,Boat,0.0212,1.887,0.136,0.378019114,16.72666667,17.36666667,3.258261298,1.549254166,190.189,204.334,325.809,340.173,279.734,248.618,353.508,645.74,0.518,483.2,300,0.22,0.522,11,40.67359,-85.83185,8.44,27.452,7.55,7,18,2024,7/18/2024
10407,20240718-MISS-B7,20240718-MISS-B7,2107,7,6411,MISS,Boat,0.0107,1.539,-0.004,0.450276057,2.776666667,1.893333333,2.790965652,1.28488635,209.187,242.288,342.512,353.501,289.083,258.613,312.371,574.811,0.559,455.2,288,0.21,0.568,7.98,40.6871,-85.89732,8.15,26.436,3.51,7,18,2024,7/18/2024
10408,20240718-MISS-B8,20240718-MISS-B8,2108,8,5401,MISS,Boat,0.0022,1.536,0.052,0.447200665,10.84333333,8.913333333,2.742104928,1.27141971,207.883,250.178,352.07,357.368,292.528,261.178,320.996,593.782,0.517,455.5,289,0.21,0.51,7.45,40.69151,-85.90843,8.15,26.227,3.3,7,18,2024,7/18/2024
10409,20240718-MISS-B9,20240718-MISS-B9,2109,9,4381,MISS,Boat,0.0105,1.522,0.004,0.368062501,3.09,2.303333333,2.669853432,1.675622934,214.853,263.311,365.701,378.268,292.733,290.647,302.518,520.139,0.574,451.8,289,0.21,0.524,7.07,40.70371,-85.92979,8.07,25.885,3.18,7,18,2024,7/18/2024
10410,20240718-MISS-B10,20240718-MISS-B10,2110,10,2851,MISS,Boat,0.0073,1.482,0.053,0.403516686,11.40666667,7.82,2.761337341,1.343853907,221.796,257.651,365.023,385.198,307.371,272.521,316.139,615.651,0.514,458.2,291,0.21,0.51,6.96,40.69319,-85.9204,8.1,26.225,3.11,7,18,2024,7/18/2024
10411,20240718-MISS-B11,20240718-MISS-B11,2111,11,1731,MISS,Boat,0.0096,1.588,0.004,0.434100825,3.01,2.563333333,2.61059681,1.348750867,216.769,269.908,383.254,392.831,301.246,299.242,305.077,539.023,0.516,452,290,0.21,0.519,6.34,40.7107,-85.93925,8.04,25.704,2.61,7,18,2024,7/18/2024
10412,20240718-MISS-B12,20240718-MISS-B12,2112,12,661,MISS,Boat,-0.0046,1.4,0.018,0.38824832,2.593333333,1.646666667,2.014911815,1.02759192,223.977,290.707,409.537,430.548,319.112,321.115,312.118,547.05,0.546,449.2,289,0.21,0.544,5.65,40.71152,-85.95139,7.91,25.448,2.9,7,18,2024,7/18/2024
10413,20240718-MISS-B13,20240718-MISS-B13,2113,13,13553,MISS,Boat,0.0044,1.598,0.006,0.351049905,37.88333333,57.12666667,2.389164168,1.295292389,186.716,231.79,352.823,376.309,295.552,268.708,344.423,647.203,0.569,479.1,298,0.22,0.565,11.63,40.67249,-85.84158,8.5,27.365,5.45,7,18,2024,7/18/2024
10414,20240722-SHAF-B1,20240722-SHAF-B1,4101,1,6865,SHAF,Boat,0.0068,3.931,0.222,0.148932691,34.62333333,39.78333333,3.905246339,2.999046272,223.551,269.378,339.838,331.83,284.753,263.409,329.872,674.186,0.523,634.8,408,0.3,0.517,18.84,40.83513,-86.80721,8.33,25.644,5.27,7,22,2024,7/22/2024
10415,20240722-SHAF-B5,20240722-SHAF-B5,4105,5,6425,SHAF,Boat,0.0077,4.127,0.226,0.096605479,13.91,15.01666667,4.164630693,3.026287582,241.139,255.17,310.648,289.353,256.586,245.931,303.709,660.698,0.556,575.8,369,0.27,0.559,19.31,40.82385,-86.79593,8.4,25.739,4.18,7,22,2024,7/22/2024
10416,20240722-SHAF-B6,20240722-SHAF-B6,4106,6,8245,SHAF,Boat,0.0206,2.755,0.28,0.343926179,0.953333333,1.243333333,5.294865572,1.984862387,238.84,273.783,337.492,327.204,301.18,308.544,324.467,658.431,0.483,539.1,371,0.28,0.491,7,40.83481,-86.78181,7.61,22.113,6.45,7,22,2024,7/22/2024
10417,20240722-SHAF-B8,20240722-SHAF-B8,4108,8,5065,SHAF,Boat,0.0235,2.818,0.238,0.122252874,4.26,3.843333333,6.083973789,2.537154725,235.991,280.807,331.609,319.835,290.668,294.43,306.639,604.515,0.509,536.8,369,0.27,0.506,7.46,40.81118,-86.79417,7.66,22.146,4.59,7,22,2024,7/22/2024
10418,20240722-SHAF-B9,20240722-SHAF-B9,4109,9,3385,SHAF,Boat,0.0183,3.358,0.271,0.106200284,6.663333333,5.46,6.130491061,2.369469328,300.468,317.846,367.352,354.845,313.608,310.599,349.387,731.427,0.531,536.5,366,0.27,0.525,7.33,40.80432,-86.77464,7.63,22.577,3.64,7,22,2024,7/22/2024
10419,20240722-SHAF-B10,20240722-SHAF-B10,4110,10,2205,SHAF,Boat,0.0063,2.737,0.237,0.107821227,8.91,7.996666667,5.815488229,2.170506871,366.815,366.666,422.296,398.857,367.715,366.135,381.111,633.057,0.56,529.8,362,0.27,0.555,7.32,40.79471,-86.77433,7.64,22.51,3.89,7,22,2024,7/22/2024
10420,20240722-SHAF-B11,20240722-SHAF-B11,4111,11,1385,SHAF,Boat,0.0096,3.307,0.271,0.072312841,13.16,7.003333333,5.143010274,2.895327506,NaN,NaN,NaN,NaN,NaN,NaN,NaN,NaN,0.532,596.7,401,0.3,0.542,9.94,40.78865,-86.77205,7.89,23.24,4.29,7,22,2024,7/22/2024
10421,20240722-SHAF-B12,20240722-SHAF-B12,4112,12,275,SHAF,Boat,-0.0545,2.846,0.214,0.491932822,4.34,5.816666667,5.141493407,2.076473904,NaN,NaN,NaN,NaN,NaN,NaN,NaN,NaN,0.519,533.8,364,0.27,0.524,7.3,40.78221,-86.7618,7.64,22.554,4.09,7,22,2024,7/22/2024
10422,20240722-SHAF-B14,20240722-SHAF-B14,4114,14,4225,SHAF,Boat,0.0178,2.58,0.259,0.038508133,5.11,4.516666667,5.210763692,2.032484233,NaN,NaN,NaN,NaN,NaN,NaN,NaN,NaN,0.492,538,370,0.28,0.517,7.35,40.80736,-86.78476,7.68,22.089,4.03,7,22,2024,7/22/2024
10423,20240722-SHAF-B15,20240722-SHAF-B15,4115,15,2905,SHAF,Boat,0.0111,2.437,0.263,0.011616614,5.666666667,6.4,5.116212281,2.055286219,NaN,NaN,NaN,NaN,NaN,NaN,NaN,NaN,0.555,537.3,365,0.27,0.556,7.24,40.79876,-86.77791,7.64,22.744,3.3,7,22,2024,7/22/2024
10424,20240723-SALA-B1,20240723-SALA-B1,3101,1,5210,SALA,Boat,-0.4959,2.041,0.007,0.075530943,3.553333333,3.84,3.658503398,1.561156499,478.198,411.846,531.195,577.436,487.525,387.245,441.669,653.637,0.53,343.2,213,0.15,0.533,13.98,40.77237,-85.64497,8.8,27.541,4.41,7,23,2024,7/23/2024
10425,20240723-SALA-B2,20240723-SALA-B2,3102,2,5430,SALA,Boat,-0.4967,2.051,0.003,0.0738311,12.00333333,16.83,3.64152343,1.53299898,500.668,427.329,547.094,607.306,512.671,406.351,492.744,697.801,0.62,341.2,213,0.15,0.649,13.28,40.77083,-85.64722,8.78,27.285,5.5,7,23,2024,7/23/2024
10426,20240723-SALA-B3,20240723-SALA-B3,3103,3,4180,SALA,Boat,-0.5076,2.177,0.005,0.061524859,10.19333333,16.78,3.537391178,1.116961436,457.674,396.033,500.64,536.316,459.261,365.721,430.313,603.695,0.486,372.1,231,0.17,0.498,12.18,40.78118,-85.64634,8.75,27.392,4.62,7,23,2024,7/23/2024
10427,20240723-SALA-B4,20240723-SALA-B4,3104,4,4980,SALA,Boat,-0.5016,2.387,0.001,0.075612177,3.453333333,3.8,3.573776824,1.656035095,462.092,398.684,499.466,534.454,451.431,361.166,433.314,673.4,0.521,387.1,240,0.17,0.567,11.82,40.78402,-85.63855,8.72,27.528,5.02,7,23,2024,7/23/2024
10428,20240723-SALA-B5,20240723-SALA-B5,3105,5,6340,SALA,Boat,-0.4976,2.139,0.011,0.125599451,12.31666667,15.60666667,3.349052147,1.575643338,479.632,415.117,502.647,535.55,469.51,370.503,475.436,706.785,0.436,395.2,243,0.18,0.447,12.24,40.77458,-85.62392,8.74,28.028,6.01,7,23,2024,7/23/2024
10429,20240723-SALA-B6,20240723-SALA-B6,3106,6,7900,SALA,Boat,-0.4937,2.114,0,0.139228783,8.753333333,9.563333333,3.166257595,1.404453785,433.875,388.187,485.804,522.672,447.543,354.896,451.779,627.365,0.493,396,248,0.18,0.485,11.14,40.7751,-85.60583,8.65,27.082,4.95,7,23,2024,7/23/2024
10430,20240723-SALA-B7,20240723-SALA-B7,3107,7,10610,SALA,Boat,-0.5056,1.933,0.001,0.113801974,26.39333333,35.81333333,3.593529031,1.542384819,410.091,363.634,460.427,481.261,432.04,325.899,437.762,619.656,0.392,381.7,231,0.17,0.385,15.88,40.7762,-85.58337,8.89,28.868,5.27,7,23,2024,7/23/2024
10431,20240723-SALA-B8,20240723-SALA-B8,3108,8,9370,SALA,Boat,-0.4969,2.225,0.015,0.092130861,13.93666667,14.75666667,3.705631472,1.676235054,460.384,391.627,497.889,525.661,453.114,350.221,469.411,692.32,0.438,386.5,238,0.17,0.452,15.45,40.76682,-85.59676,8.84,27.928,5.49,7,23,2024,7/23/2024
10432,20240723-SALA-B9,20240723-SALA-B9,3109,9,10331,SALA,Boat,-0.5011,2.2,0.001,0.127692111,29.34333333,43.12333333,3.732314279,1.631414269,435.542,372.159,477.46,504.001,446.941,343.339,502.839,790.296,0.295,388.9,239,0.17,0.302,16.8,40.75725,-85.59483,8.88,27.931,8.91,7,23,2024,7/23/2024
10433,20240723-SALA-B10,20240723-SALA-B10,3110,10,11270,SALA,Boat,-0.5035,2.218,-0.001,0.055681941,11.54666667,13.62333333,3.642389755,1.626449296,420.188,356.042,458.028,496.274,421.997,324.774,448.379,696.109,0.612,390.8,238,0.17,1.072,16.65,40.75586,-85.58241,8.94,28.465,6.24,7,23,2024,7/23/2024
10434,20240723-SALA-B13,20240723-SALA-B13,3113,13,5180,SALA,Boat,-0.4961,2.268,0.006,0.15,15.27666667,19.51,3.623677137,1.640732095,444.524,378.428,476.076,519.223,437.738,347.787,427.101,631.106,0.531,388.3,241,0.18,0.539,11.4,40.78106,-85.63745,8.73,27.558,4.85,7,23,2024,7/23/2024
10435,20240723-SALA-B14,20240723-SALA-B14,3114,14,1040,SALA,Boat,-0.4993,2.382,0,0.083841822,3.516666667,4.403333333,3.393754511,1.554559206,447.832,388.575,467.63,502.005,444.998,348.672,404.999,628.223,0.438,396.4,241,0.18,0.449,10.8,40.80144,-85.66917,8.71,28.526,4.07,7,23,2024,7/23/2024
10437,20240730-SHAF-B1,20240730-SHAF-B1,4101,1,6865,SHAF,Boat,0.0247,1.327,0.178,0.133634976,19.32666667,27.62,2.750404498,1.092154567,388.196,368.234,442.007,489.885,452.398,325.053,435.182,893.862,0.497,622.1,393,0.29,0.516,12.94,40.835,-86.8071,7.92,26.58,3.94,7,30,2024,7/30/2024
10438,20240730-SHAF-B2,20240730-SHAF-B2,4102,2,8165,SHAF,Boat,0.0008,0.928,0.148,0.15,15.37333333,22.46666667,2.487480786,0.819539679,NaN,NaN,NaN,NaN,NaN,NaN,NaN,NaN,0.393,633.9,396,0.29,0.4,14.91,40.84066,-86.80525,7.95,27.058,6.38,7,30,2024,7/30/2024
10439,20240730-SHAF-B5,20240730-SHAF-B5,4105,5,6425,SHAF,Boat,0.0052,1.685,0.289,0.017915728,12.30666667,22.8,3.410747512,1.406943039,456.889,452.463,524.617,572.578,543.464,446.594,514.832,989.597,0.385,598.1,381,0.28,0.388,11.59,40.82388,-86.79572,8.01,26.022,2.38,7,30,2024,7/30/2024
10440,20240730-SHAF-B6,20240730-SHAF-B6,4106,6,8245,SHAF,Boat,0.0186,1.692,0.274,0.15,0.796666667,1.203333333,3.222150311,1.426314637,391.724,367.099,443.465,498.094,481.564,367.112,416.375,904.841,0.438,619.2,411,0.31,0.453,7.28,40.83514,-86.78168,7.85,23.914,2.41,7,30,2024,7/30/2024
10441,20240730-SHAF-B8,20240730-SHAF-B8,4108,8,5065,SHAF,Boat,0.0241,1.637,0.292,0.15,3.623333333,5.13,2.797090311,1.240804679,481.001,447.627,511.36,561.995,539.021,421.871,469.093,889.668,0.385,619,407,0.3,0.451,7.57,40.81106,-86.7942,7.84,24.369,1.82,7,30,2024,7/30/2024
10442,20240730-SHAF-B9,20240730-SHAF-B9,4109,9,3385,SHAF,Boat,0.0147,1.655,0.35,0.15,23.68,23.61666667,2.889450692,1.237643342,434.303,395.647,467.145,517.527,487.586,354.796,458.061,946.92,0.44,613.5,404,0.3,0.436,8.67,40.80428,-86.77467,7.89,24.343,2.31,7,30,2024,7/30/2024
10443,20240730-SHAF-B10,20240730-SHAF-B10,4110,10,2205,SHAF,Boat,0.0158,1.731,0.297,0.092149737,17.75333333,24.91,3.239341477,1.327035196,471.226,439.841,511.762,569.775,543.501,428.704,482.386,890.67,0.364,615.4,403,0.3,0.379,9.78,40.79474,-86.77428,8.05,24.609,2.06,7,30,2024,7/30/2024
10444,20240730-SHAF-B11,20240730-SHAF-B11,4111,11,1385,SHAF,Boat,0.1483,1.289,0.285,0.15,13.68333333,23.40333333,3.053778011,1.135740663,442.28,395.706,464.888,501.69,480.565,351.786,449.214,871.758,0.576,610.8,398,0.3,0.571,10.62,40.78855,-86.77194,8.07,24.858,2.32,7,30,2024,7/30/2024
10445,20240730-SHAF-B12,20240730-SHAF-B12,4112,12,275,SHAF,Boat,0.0045,1.689,0.218,0.15,21.24333333,26.65666667,3.565468004,1.358715831,446.238,432.328,505.021,543.134,515.345,425.213,484.92,943.988,0.548,612.8,399,0.3,0.633,11,40.7825,-86.76206,8.18,24.926,1.69,7,30,2024,7/30/2024
10446,20240730-SHAF-B14,20240730-SHAF-B14,4114,14,4225,SHAF,Boat,0.0113,1.731,0.324,0.15,3.093333333,3.926666667,2.944563547,1.301004611,520.853,538.327,610.271,664.043,655.103,559.784,606.548,1079.77,0.416,618.8,408,0.3,0.431,7.69,40.80732,-86.78482,7.88,24.206,1.91,7,30,2024,7/30/2024
10447,20240730-SHAF-B15,20240730-SHAF-B15,4115,15,2905,SHAF,Boat,-0.0005,1.782,0.231,0.15,5.57,8.886666667,3.273218186,1.442861211,527.766,516.338,594.103,646.222,646.276,536.852,580.756,1027.29,0.409,613.05,406,0.3,0.4345,8.62,40.799215,-86.777705,7.93,24.0825,2.46,7,30,2024,7/30/2024
10448,20240731-MISS-B1,20240731-MISS-B1,2101,1,5999,MISS,Boat,-0.0024,1.079,-0.002,0.15,25.85333333,39.36,2.556018342,0.939854724,225.107,267.722,392.904,432.37,333.141,303.061,374.192,601.818,0.505,426.7,263,0.19,0.517,11.49,40.68156,-85.88845,8.64,27.828,4.73,7,31,2024,7/31/2024
10449,20240731-MISS-B2,20240731-MISS-B2,2102,2,8861,MISS,Boat,-0.0022,0.978,-0.003,0.15,7.94,7.436666667,2.666388133,0.954545603,185.892,220.141,360.217,392.858,277.687,243.151,307.458,506.95,0.544,428.4,265,0.19,0.537,10.76,40.67688,-85.87679,8.56,27.677,4.6,7,31,2024,7/31/2024
10450,20240731-MISS-B3,20240731-MISS-B3,2103,3,9921,MISS,Boat,-0.0037,0.947,-0.002,0.15,5.963333333,8.193333333,2.44634161,0.870073046,183.7,218.846,342.998,370.114,275.619,240.699,334.366,491.159,0.485,428.3,265,0.19,0.426,11.14,40.67069,-85.86913,8.56,27.565,4.12,7,31,2024,7/31/2024
10451,20240731-MISS-B4,20240731-MISS-B4,2104,4,10891,MISS,Boat,0,0.837,0,0.15,5.493333333,7.58,2.502479463,0.626041216,186.074,226.772,344.74,366.991,269.417,253.669,325.428,529.8,0.525,433.6,270,0.2,0.497,11.06,40.66281,-85.86597,8.55,27.361,4.41,7,31,2024,7/31/2024
10452,20240731-MISS-B5,20240731-MISS-B5,2105,5,12821,MISS,Boat,0.0391,0.709,0.004,0.087795929,13.32666667,20.83666667,2.585126858,0.841099367,154.689,197.351,315.708,338.982,241.451,226.457,318.124,559.7,0.538,444.8,276,0.2,0.551,10.8,40.66891,-85.84742,8.5,27.528,5.54,7,31,2024,7/31/2024
10453,20240731-MISS-B6,20240731-MISS-B6,2106,6,14351,MISS,Boat,0.0906,0.69,0.006,0.343713143,12.65,20.07,2.523791056,0.750913691,153.164,208.56,337.908,374.962,257.353,244.905,342.305,526.12,0.5,445.7,275,0.2,0.5,11.57,40.6737,-85.83157,8.57,27.796,5.81,7,31,2024,7/31/2024
10454,20240731-MISS-B7,20240731-MISS-B7,2107,7,6411,MISS,Boat,0.0016,1.04,-0.004,0.15,12.0375,17.8625,2.458816689,0.668617561,174.334,201.387,330.421,361.075,255.087,227.13,275.709,490.365,0.5,427.5,266,0.19,0.493,10.36,40.68822,-85.89621,8.47,27.375,4.07,7,31,2024,7/31/2024
10455,20240731-MISS-B8,20240731-MISS-B8,2108,8,5401,MISS,Boat,-0.0003,1.138,-0.004,0.056445124,2.93,4.47,2.467479938,0.985559682,209.631,268.059,407.928,448.683,311.748,301.322,336.875,567.173,0.534,424.7,264,0.19,0.534,10.28,40.69179,-85.90828,8.47,27.294,3.76,7,31,2024,7/31/2024
10456,20240731-MISS-B9,20240731-MISS-B9,2109,9,4381,MISS,Boat,0.0033,1.112,-0.004,0.15,4.476666667,7.543333333,2.491043975,1.010452561,196.138,278.546,423.979,474.425,325.355,315.234,340.617,537.114,0.517,423.6,262,0.19,0.531,10.65,40.70428,-85.92982,8.52,27.678,4.48,7,31,2024,7/31/2024
10457,20240731-MISS-B10,20240731-MISS-B10,2110,10,2851,MISS,Boat,-0.0046,1.102,-0.003,0.15,8.82,14.965,2.638145941,1.002086921,217.255,279.263,414.242,457.377,320.967,316.343,341.315,582.014, ,425.9,265,0.19,0.505,10.5,40.69343,-85.92009,8.5,27.381,3.82,7,31,2024,7/31/2024
10458,20240731-MISS-B11,20240731-MISS-B11,2111,11,1731,MISS,Boat,-0.0041,1.167,-0.002,0.15,8.143333333,11.76,2.417752889,0.956994083,206.401,267.863,415.123,461.457,318.942,299.485,330.57,530.96,0.5,423.6,263,0.19,0.479,10.27,40.711,-85.93831,8.49,27.407,4.06,7,31,2024,7/31/2024
10459,20240731-MISS-B12,20240731-MISS-B12,2112,12,661,MISS,Boat,0.0046,1.091,-0.001,0.15,2.323333333,3.22,2.379807859,0.971684962,NaN,NaN,NaN,NaN,NaN,NaN,NaN,NaN,0.492,447.3,277,0.2,0.481,10.92,40.67253,-85.8411,8.52,27.575,6.09,7,31,2024,7/31/2024
10460,20240731-MISS-B13,20240731-MISS-B13,2113,13,13553,MISS,Boat,0.0161,0.728,0,0.15,6.02,8.67,2.590324807,0.568637965,158.003,210.34,334.02,366.135,250.458,239.07,335.071,535.703,0.492,447.3,277,0.2,0.481,10.92,40.67253,-85.8411,8.52,27.575,6.09,7,31,2024,7/31/2024
10461,20240805-SALA-B1,20240805-SALA-B1,3101,1,5210,SALA,Boat,-0.5016,1.71,0.001,0.104707322,41.19,25.78666667,3.778576028,1.402413385,306.822,319.168,385.504,425.852,331.544,327.131,378.643,578.592,0.49,355.2,220,0.16,0.489,12.2,40.77249,-85.64514,8.56,27.663,4.78,8,5,2024,8/5/2024
10462,20240805-SALA-B2,20240805-SALA-B2,3102,2,5430,SALA,Boat,-0.5042,1.716,0.002,0.081577582,48.23,32.36666667,3.554024616,1.325082228,294.395,289.441,379.924,421.463,320.857,314.308,364.939,583.846,0.52,356.3,221,0.16,0.513,11.81,40.77081,-85.64707,8.64,27.509,5.72,8,5,2024,8/5/2024
10463,20240805-SALA-B3,20240805-SALA-B3,3103,3,4180,SALA,Boat,-0.5115,1.859,0.001,0.07612943,25.25666667,21.97,3.433951986,1.390783105,312.461,324.366,382.14,409.772,322.923,321.539,366.07,526.104,0.535,368.6,229,0.17,0.597,10.28,40.78123,-85.64625,8.64,27.545,4.1,8,5,2024,8/5/2024
10464,20240805-SALA-B4,20240805-SALA-B4,3104,4,4980,SALA,Boat,-0.4998,1.766,0.003,0.093712367,21.36333333,26.19333333,3.588850877,1.431999184,346.099,326.464,404.119,432.959,343.95,343.562,395.789,625.559,0.502,368.8,229,0.17,0.498,10.28,40.78401,-85.63817,8.64,27.533,4.18,8,5,2024,8/5/2024
10465,20240805-SALA-B5,20240805-SALA-B5,3105,5,6340,SALA,Boat,-0.5061,1.673,0.003,0.141468847,46.71666667,4.143333333,3.453704194,1.383437666,320.664,323.777,391.989,409.063,335.966,316.135,405.022,703.371,0.602,371.1,230,0.17,0.59,10.28,40.77477,-85.62411,8.65,27.494,4.45,8,5,2024,8/5/2024
10466,20240805-SALA-B6,20240805-SALA-B6,3106,6,7900,SALA,Boat,-0.508,1.791,0.003,0.15,44.1,1.513333333,3.515559791,1.417716384,313.455,320.493,389.427,402.245,327.658,327.338,392.378,607.674,0.65,372.1,232,0.17,0.616,9.87,40.77508,-85.60583,8.63,27.34,3.55,8,5,2024,8/5/2024
10467,20240805-SALA-B7,20240805-SALA-B7,3107,7,10610,SALA,Boat,-0.5041,1.594,-0.001,0.15,57.35333333,6.146666667,3.531153639,1.319573148,285.581,281.084,350.67,359.614,311.997,302.193,386.734,626.409,0.545,360,222,0.16,0.608,11.5,40.77597,-85.58318,8.77,27.829,4.42,8,5,2024,8/5/2024
10468,20240805-SALA-B8,20240805-SALA-B8,3108,8,9370,SALA,Boat,-0.5036,1.822,0,0.019501759,63.08,7.873333333,3.702166173,1.374867986,287.446,268.262,319.619,341.067,280.323,272.438,336.999,594.775,0.611,367,227,0.17,0.603,11.44,40.76695,-85.59709,8.78,27.62,3.9,8,5,2024,8/5/2024
10469,20240805-SALA-B9,20240805-SALA-B9,3109,9,10331,SALA,Boat,-0.5056,1.797,0.003,0.056293224,65.91333333,18.53333333,3.740111203,1.322429708,263.796,265.114,341.401,360.448,288.049,264.973,361.658,621.769,0.656,371.9,230,0.17,0.676,10.69,40.75724,-85.59486,8.64,27.662,6.26,8,5,2024,8/5/2024
10470,20240805-SALA-B10,20240805-SALA-B10,3110,10,11270,SALA,Boat,-0.4928,1.7,0.001,0.275993591,69.02333333,15.67333333,3.606523905,1.292231789,271.008,297.221,359.857,365.646,298.048,308.561,370.815,672.375,0.622,372.9,229,0.17,0.638,11.51,40.75592,-85.5826,8.76,28.011,5.14,8,5,2024,8/5/2024
10471,20240805-SALA-B13,20240805-SALA-B13,3113,13,5180,SALA,Boat,-0.5132,1.92,0.001,0.178229418,28.90333333,18.15333333,3.728155919,1.391803305,334.548,333.491,403.173,419.379,348.719,344.626,394.612,585.613,0.56,371.6,230,0.17,0.575,10.08,40.78112,-85.63731,8.65,27.6,3.95,8,5,2024,8/5/2024
10472,20240805-SALA-B14,20240805-SALA-B14,3114,14,1040,SALA,Boat,-0.5166,1.917,0.004,0.229171453,22.62333333,20.24,3.331379119,1.313655989,319.131,323.415,397.297,408.505,335.8,334.175,381.081,585.325,0.621,375.2,232,0.17,0.648,10.45,40.80136,-85.66901,8.68,27.671,4.42,8,5,2024,8/5/2024
10473,20240814-SHAF-B1,20240814-SHAF-B1,4101,1,6865,SHAF,Boat,0.0083,0.033,0.262,0.172227746,86.58333333,10.45666667,3.395578837,0.462678517,142.052,183.9,260.686,293.472,261.028,204.702,284.78,497.992,0.452,555.8,358,0.27,0.458,14.91,40.83502,-86.80722,8.1,25.439,6.96,8,14,2024,8/14/2024
10474,20240814-SHAF-B5,20240814-SHAF-B5,4105,5,6425,SHAF,Boat,0.0168,0.242,0.282,0.196894013,61.54666667,12.2,3.211026616,0.538167214,211.44,292.614,373.715,386.951,362.122,323.403,376.782,553.978,0.38,535.8,348,0.26,0.367,18.15,40.82387,-86.79594,8.21,25.114,4.61,8,14,2024,8/14/2024
10475,20240814-SHAF-B6,20240814-SHAF-B6,4106,6,8245,SHAF,Boat,0.016,1.43,0.302,0.123395829,1.47,0.663333333,2.575964728,0.77230123,NaN,NaN,NaN,NaN,NaN,NaN,NaN,NaN,0.456,626,420,0.31,0.45,8.79,40.83495,-86.78194,7.98,23.346,2.57,8,14,2024,8/14/2024
10476,20240814-SHAF-B8,20240814-SHAF-B8,4108,8,5065,SHAF,Boat,0.0109,1.315,0.294,0.116641379,20.3,3.06,2.690235418,0.718713201,132.455,178.499,208.061,210.857,174.685,152.717,144.932,427.548,0.325,620.2,411,0.31,0.326,10.69,40.81104,-86.79436,8.08,23.939,3.54,8,14,2024,8/14/2024
10477,20240814-SHAF-B9,20240814-SHAF-B9,4109,9,3385,SHAF,Boat,0.0148,0.884,0.251,0.122330108,68.37333333,3.51,2.961754712,0.831848716,170.666,182.497,269.715,294.913,270.78,200.945,292.724,593.21,0.452,570.9,371,0.28,0.455,17.76,40.80438,-86.77493,8.13,25.017,3.95,8,14,2024,8/14/2024
10478,20240814-SHAF-B10,20240814-SHAF-B10,4110,10,2205,SHAF,Boat,0.0167,1.017,0.267,0.11774901,48.63666667,7.846666667,2.051222932,0.627101684,166.712,187.905,253.713,271.352,255.874,196.96,264.011,459.426,0.326,581.7,379,0.28,0.316,16.67,40.7946,-86.77446,8.12,24.903,3.31,8,14,2024,8/14/2024
10479,20240814-SHAF-B11,20240814-SHAF-B11,4111,11,1385,SHAF,Boat,0.0221,0.798,0.3,0.099389826,43,7.83,2.714505299,0.67230208,154.514,184.826,249.263,272.398,261.161,195.942,274.372,456.432,0.379,563.8,369,0.27,0.376,16.06,40.78871,-86.77197,7.99,24.575,3.94,8,14,2024,8/14/2024
10480,20240814-SHAF-B12,20240814-SHAF-B12,4112,12,275,SHAF,Boat,0.013,1.047,0.276,0.070473546,38.05,7.476666667,3.409230645,0.915388733,131.353,161.654,225.453,245.932,234.973,174.42,239.951,456.241,0.302,574.1,378,0.28,0.31,15.82,40.78252,-86.76215,8.12,24.305,3.53,8,14,2024,8/14/2024
10481,20240814-SHAF-B14,20240814-SHAF-B14,4114,14,4225,SHAF,Boat,0.0082,1.209,0.311,0.15,37.33333333,4.54,2.899900224,0.965028454,163.078,220.545,294.233,315.879,278.175,228.902,237.547,462.327,0.379,618.7,407,0.3,0.381,12.05,40.80743,-86.78552,8.2,24.344,3.28,8,14,2024,8/14/2024
10482,20240814-SHAF-B15,20240814-SHAF-B15,4115,15,2905,SHAF,Boat,0.0173,1.003,0.293,0.163898337,69.08666667,8.176666667,3.318892754,0.88996351,171.271,189.722,260.405,288.864,247.747,196.623,223.743,481.417,0.377,580.5,379,0.28,0.368,16.39,40.79942,-86.77781,8.16,24.814,3.76,8,14,2024,8/14/2024
10483,20240912-MISS-B1,20240912-MISS-B1,2101,1,5999,MISS,Boat,0.0034,0.083,0.044,0.358422678,34.32666667,21.11333333,2.356936882,0.38243787,221.225,192.13,294.279,351.467,279.627,226.341,305.98,440.333,0.475,420.7,277,0.2,0.456,9.03,40.68162,-85.88919,8.31,24.42,4.78,9,12,2024,9/12/2024
10484,20240912-MISS-B2,20240912-MISS-B2,2102,2,8861,MISS,Boat,-0.0058,0.055,-0.032,0.423062176,32.99,13.16,2.53054839,0.28957927,211.846,184.387,286.744,355.341,273.138,213.393,292.884,413.339,0.66,415.7,273,0.2,0.68,12.59,40.67702,-85.8773,8.65,24.551,3.44,9,12,2024,9/12/2024
10485,20240912-MISS-B3,20240912-MISS-B3,2103,3,9921,MISS,Boat,-0.004,0.073,0.04,0.389202816,10.97666667,0.976666667,2.511315977,0.362829627,213.962,194.412,307.139,372.37,282.308,225.472,291.98,388.735,0.436,422.8,274,0.2,0.565,11.54,40.6708,-85.87066,8.6,25.061,3.66,9,12,2024,9/12/2024
10486,20240912-MISS-B4,20240912-MISS-B4,2104,4,10891,MISS,Boat,-0.0032,0.063,0.04,0.412807594,16.91,22.75333333,2.56953301,0.380254642,218.007,181.628,292.188,365.473,267.084,217.033,286.208,406.145,0.494,428.8,280,0.21,0.497,13.3,40.66325,-85.86726,8.73,24.772,3.86,9,12,2024,9/12/2024
10487,20240912-MISS-B5,20240912-MISS-B5,2105,5,12821,MISS,Boat,-0.0117,0.074,0.062,0.294357941,16.24,1.356666667,2.514434747,0.38294797,216.347,196.64,317.695,405.518,297.001,233.775,314.572,447.162,0.501,441.6,287,0.21,0.528,14.25,40.66864,-85.84776,8.8,24.945,4.87,9,12,2024,9/12/2024
10488,20240912-MISS-B6,20240912-MISS-B6,2106,6,14351,MISS,Boat,-0.0087,0.067,0.052,0.353903882,7.376666667,2.203333333,2.494682539,0.363482555,200.806,195.193,323.767,416.88,304.152,242.243,318.094,404.487,NaN,NaN,NaN,NaN,NaN,NaN,NaN,NaN,NaN,NaN,NaN,9,12,2024,9/12/2024
10489,20240912-MISS-B7,20240912-MISS-B7,2107,7,6411,MISS,Boat,0.302,0.101,0.108,0.358260541,26.81333333,3.793333333,2.753020622,0.660115895,209.818,190.392,273.205,324.558,245.722,204.607,267.233,357.193,0.399,415.3,279,0.21,0.303,5.73,40.68787,-85.89665,7.75,23.291,3.55,9,12,2024,9/12/2024
10490,20240912-MISS-B8,20240912-MISS-B8,2108,8,5401,MISS,Boat,0.0068,0.078,0.07,0.419128957,36.92333333,6.633333333,2.579928909,0.300801469,218.626,197.788,276.409,303.976,247.474,207.802,277.846,394.6,0.429,414.5,276,0.2,0.32,8.04,40.69163,-85.90847,8.16,23.775,2.22,9,12,2024,9/12/2024
10491,20240912-MISS-B9,20240912-MISS-B9,2109,9,4381,MISS,Boat,-0.0076,0.071,0.042,0.447889597,34.12,20.06333333,2.465054228,0.296856696,243.087,233.01,301.244,338.647,267.397,233.357,298.558,403.699,0.348,415.1,271,0.2,0.551,11.46,40.70399,-85.93095,8.58,24.862,3.4,9,12,2024,9/12/2024
10492,20240912-MISS-B10,20240912-MISS-B10,2110,10,2851,MISS,Boat,-0.0053,0.064,0.041,0.368531532,26.9,3.986666667,2.316912672,0.282220227,231.704,244.545,317.835,362.356,278.465,241.892,294.451,420.892,0.501,415.1,276,0.2,0.577,8.14,40.69364,-85.92089,8.15,23.885,2.66,9,12,2024,9/12/2024
10493,20240912-MISS-B11,20240912-MISS-B11,2111,11,1731,MISS,Boat,-0.0016,0.073,0.045,0.387259428,20.32666667,1.243333333,2.40735699,0.356075903,249.092,229.744,301.181,337.701,270.174,232.127,297.808,410.074,0.517,407.9,266,0.2,0.816,12.76,40.71106,-85.9389,8.62,24.775,3.67,9,12,2024,9/12/2024
10494,20240912-MISS-B12,20240912-MISS-B12,2112,12,661,MISS,Boat,0.0043,0.144,0.063,0.267070863,18.62666667,1.41,2.45361874,0.363972251,228.243,230.933,329.909,376.142,306.324,237.872,334.162,339.429,0.602,408,268,0.2,0.605,13.26,40.71163,-85.95116,8.64,24.372,2.91,9,12,2024,9/12/2024
10495,20240912-MISS-B13,20240912-MISS-B13,2113,13,13553,MISS,Boat,-0.0038,0.07,0.041,0.336125072,22.26,6.12,2.520152491,0.375221655,203.623,195.392,321.114,407.183,303.845,237.132,323.446,428.897,NaN,NaN,NaN,NaN,NaN,NaN,NaN,NaN,NaN,NaN,NaN,9,12,2024,9/12/2024
